title,author,score,id,subreddit,url,num_comments,body,created
Elves make video games,atomlib_com,437,eg9vk1,programminghumor,https://i.imgur.com/soofxz8.jpg,9,,1577473302.0
Data Science Careers?,jitendra_nirnejak,396,ejlvaz,programminghumor,https://i.redd.it/l0pgus0iqm841.jpg,11,,1578114842.0
Indeed it was <3,mdsaban,352,eoykv9,programminghumor,https://i.redd.it/scn7mb03yva41.jpg,24,,1579098051.0
They called him a madman.,Obviouslyitstaken,345,dmjvtv,programminghumor,https://i.redd.it/zr7z6cj40ju31.jpg,17,,1571967809.0
"Seriously, its dev console is the worst",buttstuffedpizza,334,ifpzf8,programminghumor,https://i.redd.it/rbxmxgmxmyi51.jpg,25,,1598307974.0
“Everything works perfectly”,LauritsLL,320,hh25aq,programminghumor,https://i.redd.it/w1qnvf8xvi751.jpg,14,,1593322919.0
Prep talk,donalddduckkk,294,iswxcs,programminghumor,https://i.redd.it/xh8k3xg687n51.jpg,8,,1600155328.0
PHP Developers,pinehq_real,287,eejwg2,programminghumor,https://i.redd.it/q0g2gtidkd641.png,18,,1577132139.0
My setup is great! *violently shaking mouse*,PmMeUrChickenWings,278,gvz5jk,programminghumor,https://i.redd.it/82hmrwzikq251.png,10,,1591236756.0
It's working,Vetrix_8,267,j1w5fx,programminghumor,https://i.redd.it/t6gtj8y552q51.jpg,1,,1601401323.0
